{
	"version": 1,
	"changelists": [
		{
			"guid": "00000000000000000000000000000000",
			"description": "Default Uncontrolled Changelist",
			"files": [
				"C:/Users/Acer/Desktop/MMU/B/CGD6334/Assignment2vFinal3/Content/Blueprints/LevelObjects/Bin_BP.uasset",
				"C:/Users/Acer/Desktop/MMU/B/CGD6334/Assignment2vFinal3/Content/Widget/LevelSelectMenu.uasset",
				"C:/Users/Acer/Desktop/MMU/B/CGD6334/Assignment2vFinal3/Content/Blueprints/LevelGameMode_BP.uasset",
				"C:/Users/Acer/Desktop/MMU/B/CGD6334/Assignment2vFinal3/Content/Blueprints/PawnClaw_BP.uasset",
				"C:/Users/Acer/Desktop/MMU/B/CGD6334/Assignment2vFinal3/Content/Blueprints/PlayerController_BP.uasset",
				"C:/Users/Acer/Desktop/MMU/B/CGD6334/Assignment2vFinal3/Content/Blueprints/ClawPC_BP.uasset",
				"C:/Users/Acer/Desktop/MMU/B/CGD6334/Assignment2vFinal3/Content/Levels/MainMenu.umap",
				"C:/Users/Acer/Desktop/MMU/B/CGD6334/Assignment2vFinal3/Content/Levels/Level1.umap",
				"C:/Users/Acer/Desktop/MMU/B/CGD6334/Assignment2vFinal3/Content/Levels/Level2.umap",
				"C:/Users/Acer/Desktop/MMU/B/CGD6334/Assignment2vFinal3/Content/Levels/Level3.umap",
				"C:/Users/Acer/Desktop/MMU/B/CGD6334/Assignment2vFinal3/Content/Levels/Level4.umap",
				"C:/Users/Acer/Desktop/MMU/B/CGD6334/Assignment2vFinal3/Content/Widget/GameEndMenu.uasset",
				"C:/Users/Lai Gor/Documents/Unreal Project/Assignment2/Content/Levels/Prototype.umap",
				"C:/Users/Lai Gor/Documents/Unreal Project/Assignment2/Content/Blueprints/BlockingObject_BP.uasset",
				"C:/Users/Lai Gor/Documents/Unreal Project/Assignment2/Content/Blueprints/GrabObject_BP.uasset",
				"C:/Users/Lai Gor/Documents/Unreal Project/Assignment2/Content/Input/IA_Left.uasset",
				"C:/Users/Lai Gor/Documents/Unreal Project/Assignment2/Content/Input/IA_Right.uasset",
				"C:/Users/Lai Gor/Documents/Unreal Project/Assignment2/Content/Input/IMC_Movement.uasset",
				"C:/Users/Lai Gor/Documents/Unreal Project/Assignment2/Content/Blueprints/PawnClaw_BP.uasset",
				"C:/Users/Lai Gor/Documents/Unreal Project/Assignment2/Content/Sprites/Objects/Special/extra_box_coin_Sprite.uasset",
				"C:/Users/Lai Gor/Documents/Unreal Project/Assignment2/Content/Sprites/Claws/claw_claw_3.uasset",
				"C:/Users/Lai Gor/Documents/Unreal Project/Assignment2/Content/Sprites/Claws/claw_claw.uasset",
				"C:/Users/Lai Gor/Documents/Unreal Project/Assignment2/Content/Sprites/Claws/Claw_FB.uasset",
				"C:/Users/Lai Gor/Documents/Unreal Project/Assignment2/Content/Sprites/Claws/claw_claw_2.uasset",
				"C:/Users/Lai Gor/Documents/Unreal Project/Assignment2/Content/Sprites/Claws/claw_claw_1.uasset",
				"C:/Users/Lai Gor/Documents/Unreal Project/Assignment2/Content/Blueprints/MovingWall_BP.uasset",
				"C:/Program Files/Epic Games/UE_5.4/Engine/Plugins/2D/Paper2D/Content/DummySprite.uasset",
				"C:/Users/Lai Gor/Documents/Unreal Project/Assignment2vFinal2/Content/Levels/MainMenu.umap",
				"C:/Users/Lai Gor/Documents/Unreal Project/Assignment2vFinal2/Content/Blueprints/LevelObjects/GrabObject_BP.uasset",
				"C:/Users/Lai Gor/Documents/Unreal Project/Assignment2vFinal2/Content/Sounds/machine_working.uasset",
				"C:/Users/Lai Gor/Documents/Unreal Project/Assignment2vFinal2/Content/Blueprints/PawnClaw_BP.uasset",
				"C:/Users/Acer/Desktop/MMU/B/CGD6334/Assignment2vFinal1/Content/Widget/MainMenu.uasset",
				"C:/Users/Acer/Desktop/MMU/B/CGD6334/Assignment2vFinal1/Content/Widget/GameMenu.uasset",
				"C:/Users/Acer/Desktop/MMU/B/CGD6334/Assignment2vFinal1/Content/Widget/GameEndMenu_Lv4.uasset",
				"C:/Users/Acer/Desktop/MMU/B/CGD6334/Assignment2vFinal1/Content/Widget/GameEndMenu_Lv1-3.uasset",
				"C:/Users/Acer/Desktop/MMU/B/CGD6334/Assignment2vFinal1/Content/Widget/PauseMenu.uasset",
				"C:/Users/Acer/Desktop/MMU/B/CGD6334/Assignment2vFinal1/Content/Levels/MainMenu.umap",
				"C:/Users/Acer/Desktop/MMU/B/CGD6334/Assignment2vFinal1/Content/UI_Sound.uasset",
				"C:/Users/Acer/Desktop/MMU/B/CGD6334/Assignment2vFinal1/Content/ButtonSound.uasset",
				"C:/Users/Acer/Desktop/MMU/B/CGD6334/Assignment2vFinal1/Content/Blueprints/Bin_BP.uasset",
				"C:/Users/Acer/Desktop/MMU/B/CGD6334/Assignment2vFinal1/Content/Widget/LevelSelectMenu.uasset",
				"C:/Users/Acer/Desktop/MMU/B/CGD6334/Assignment2vFinal1/Content/objecthit.uasset",
				"C:/Users/Acer/Desktop/MMU/B/CGD6334/Assignment2vFinal1/Content/Blueprints/GrabObject_BP.uasset",
				"C:/Users/Acer/Desktop/MMU/B/CGD6334/Assignment2vFinal1/Content/Blueprints/Button_BP.uasset",
				"C:/Users/Acer/Desktop/MMU/B/CGD6334/Assignment2vFinal1/Content/Levels/Level1.umap",
				"C:/Users/Acer/Desktop/MMU/B/CGD6334/Assignment2vFinal1/Content/Levels/Level2.umap",
				"C:/Users/Acer/Desktop/MMU/B/CGD6334/Assignment2vFinal1/Content/Levels/Level3.umap",
				"C:/Users/Acer/Desktop/MMU/B/CGD6334/Assignment2vFinal1/Content/Levels/Level4.umap",
				"C:/Users/Acer/Desktop/MMU/B/CGD6334/Assignment2vFinal1/Content/dustbin.uasset",
				"C:/Users/Acer/Desktop/MMU/B/CGD6334/Assignment2vFinal1/Content/Sounds/dustbin.uasset",
				"C:/Users/Acer/Desktop/MMU/B/CGD6334/Assignment2vFinal1/Content/Sounds/objecthit.uasset",
				"C:/Users/Acer/Desktop/MMU/B/CGD6334/Assignment2vFinal1/Content/Sounds/complete.uasset",
				"C:/Users/Acer/Desktop/MMU/B/CGD6334/Assignment2vFinal1/Content/Widget/GameEndMenu.uasset",
				"C:/Users/Acer/Desktop/MMU/B/CGD6334/Assignment2vFinal1/Content/Widget/GameEndMenu_LastLevel.uasset",
				"C:/Users/Acer/Desktop/MMU/B/CGD6334/Assignment2vFinal1/Content/Widget/Floor_Blueprint.uasset",
				"C:/Users/Acer/Desktop/MMU/B/CGD6334/Assignment2vFinal1/Content/Blueprints/Floor_Blueprint.uasset",
				"C:/Users/Acer/Desktop/MMU/B/CGD6334/Assignment2vFinal1/Content/Blueprints/Floor_BP.uasset",
				"C:/Users/Acer/Desktop/MMU/B/CGD6334/Assignment2vFinal1/Content/Blueprints/Border_BP.uasset",
				"C:/Users/Acer/Desktop/MMU/B/CGD6334/Assignment2vFinal1/Content/Input/IMC_Movement.uasset",
				"C:/Users/Acer/Desktop/MMU/B/CGD6334/Assignment2vFinal1/Content/Widget/Controls.uasset",
				"C:/Users/Acer/Desktop/MMU/B/CGD6334/Assignment2vFinal1/Content/Blueprints/LevelObjects/Bin_BP.uasset",
				"C:/Users/Acer/Desktop/MMU/B/CGD6334/Assignment2vFinal1/Content/Blueprints/LevelObjects/Border_BP.uasset",
				"C:/Users/Acer/Desktop/MMU/B/CGD6334/Assignment2vFinal1/Content/Blueprints/LevelObjects/Button_BP.uasset",
				"C:/Users/Acer/Desktop/MMU/B/CGD6334/Assignment2vFinal1/Content/Blueprints/LevelObjects/Floor_BP.uasset",
				"C:/Users/Acer/Desktop/MMU/B/CGD6334/Assignment2vFinal1/Content/Blueprints/LevelObjects/GrabObject_BP.uasset",
				"C:/Users/Acer/Desktop/MMU/B/CGD6334/Assignment2vFinal1/Content/Blueprints/LevelObjects/StaticWall_BP.uasset",
				"C:/Users/Acer/Desktop/MMU/B/CGD6334/Assignment2vFinal1/Content/Blueprints/StaticWall_BP.uasset",
				"C:/Users/Acer/Desktop/MMU/B/CGD6334/Assignment2vFinal1/Content/Blueprints/LevelObjects/MovingWall_BP.uasset",
				"C:/Users/Acer/Desktop/MMU/B/CGD6334/Assignment2vFinal1/Content/Blueprints/MovingWall_BP.uasset",
				"C:/Users/Acer/Desktop/MMU/B/CGD6334/Assignment2vFinal1/Content/Levels/Level5.umap",
				"C:/Users/Acer/Desktop/MMU/B/CGD6334/Assignment2vFinal1/Content/Blueprints/PawnClaw_BP.uasset",
				"C:/Users/Acer/Desktop/MMU/B/CGD6334/Assignment2v1.6/Content/Blueprints/MovingWall_BP.uasset",
				"C:/Users/Acer/Desktop/MMU/B/CGD6334/Assignment2v1.6/Content/Levels/Level3.umap",
				"C:/Users/Acer/Desktop/MMU/B/CGD6334/Assignment2v1.6/Content/Blueprints/GrabObject_BP.uasset",
				"C:/Users/Acer/Desktop/MMU/B/CGD6334/Assignment2v1.6/Content/Blueprints/PawnClaw_BP.uasset",
				"C:/Users/Acer/Desktop/MMU/B/CGD6334/Assignment2v1.6/Content/Blueprints/Bin_BP.uasset",
				"C:/Users/Acer/Desktop/MMU/B/CGD6334/Assignment2v1.6/Content/Levels/Level4.umap",
				"C:/Users/Acer/Desktop/MMU/B/CGD6334/Assignment2v1.6/Content/Sprites/Objects/Brick/extra_box_coin_Sprite.uasset",
				"C:/Users/Acer/Desktop/MMU/B/CGD6334/Assignment2v1.6/Content/Widget/Assets/UIbg.uasset",
				"C:/Users/Acer/Desktop/MMU/B/CGD6334/Assignment2v1.6/Content/Input/IA_Pause.uasset",
				"C:/Users/Acer/Desktop/MMU/B/CGD6334/Assignment2v1.6/Content/Input/IMC_Movement.uasset",
				"C:/Users/Acer/Desktop/MMU/B/CGD6334/Assignment2v1.6/Content/Widget/PauseMenu.uasset",
				"C:/Users/Acer/Desktop/MMU/B/CGD6334/Assignment2v1.6/Content/Blueprints/LevelGameMode_BP.uasset",
				"C:/Users/Acer/Desktop/MMU/B/CGD6334/Assignment2v1.6/Content/Widget/GameMenu.uasset",
				"C:/Users/Acer/Desktop/MMU/B/CGD6334/Assignment2v1.6/Content/Widget/GameEndMenu_Lv4.uasset",
				"C:/Users/Acer/Desktop/MMU/B/CGD6334/Assignment2v1.6/Content/Widget/LevelSelectMenu.uasset",
				"C:/Users/Acer/Desktop/MMU/B/CGD6334/Assignment2v1.6/Content/Widget/GameEndMenu_Lv1-3.uasset",
				"C:/Users/Acer/Desktop/MMU/B/CGD6334/Assignment2v1.6/Content/Levels/MainMenu.umap",
				"C:/Users/Lai Gor/Documents/Unreal Project/Assignment2v1.5/Content/Levels/Level3.umap",
				"C:/Users/Lai Gor/Documents/Unreal Project/Assignment2v1.5/Content/Blueprints/PawnClaw_BP.uasset",
				"C:/Users/Lai Gor/Documents/Unreal Project/Assignment2v1.5/Content/Levels/Prototype2.umap",
				"C:/Users/Lai Gor/Documents/Unreal Project/Assignment2v1.5/Content/Levels/Level4.umap",
				"C:/Users/Lai Gor/Documents/Unreal Project/Assignment2v1.5/Content/Blueprints/MovingWall_BP.uasset",
				"C:/Users/Lai Gor/Documents/Unreal Project/Assignment2v1.4/Content/Sprites/Claws/Screw.uasset",
				"C:/Users/Lai Gor/Documents/Unreal Project/Assignment2v1.4/Content/Blueprints/PawnClaw_BP.uasset",
				"C:/Users/Lai Gor/Documents/Unreal Project/Assignment2v1.4/Content/Sprites/Claws/Screw_Sprite.uasset",
				"C:/Users/Lai Gor/Documents/Unreal Project/Assignment2v1.4/Content/Levels/Level1.umap",
				"C:/Users/Lai Gor/Documents/Unreal Project/Assignment2v1.4/Content/Levels/Level2.umap",
				"C:/Users/Acer/Desktop/MMU/B/CGD6334/Assignment2v1.2/Content/Blueprints/Bin_BP.uasset",
				"C:/Users/Acer/Desktop/MMU/B/CGD6334/Assignment2v1.2/Content/Blueprints/PawnClaw_BP.uasset",
				"C:/Users/Acer/Desktop/MMU/B/CGD6334/Assignment2v1.2/Content/Levels/Prototype.umap",
				"C:/Users/Acer/Desktop/MMU/B/CGD6334/Assignment2v1.2/Content/Blueprints/BlockingObject_BP.uasset",
				"C:/Users/Acer/Desktop/MMU/B/CGD6334/Assignment2v1.2/Content/Levels/Prototype2.umap",
				"C:/Users/Acer/Desktop/MMU/B/CGD6334/Assignment2v1.2/Content/Blueprints/StaticWall_BP.uasset",
				"C:/Users/Acer/Desktop/MMU/B/CGD6334/Assignment2v1.2/Content/Input/IMC_Movement.uasset",
				"C:/Users/Acer/Desktop/MMU/B/CGD6334/Assignment2v1.2/Content/Sprites/Claws/claw_claw_3.uasset",
				"C:/Users/Acer/Desktop/MMU/B/CGD6334/Assignment2v1.2/Content/Sprites/Claws/claw_claw_2.uasset",
				"C:/Users/Acer/Desktop/MMU/B/CGD6334/Assignment2v1.2/Content/Sprites/Claws/claw_claw_1.uasset",
				"C:/Users/Acer/Desktop/MMU/B/CGD6334/Assignment2v1.2/Content/Blueprints/Button_BP.uasset",
				"C:/Users/Acer/Desktop/MMU/B/CGD6334/Assignment2v1.2/Content/Sprites/Objects/Bins/bins.uasset",
				"C:/Users/Acer/Desktop/MMU/B/CGD6334/Assignment2v1.2/Content/Sprites/Objects/Bins/bins__1.uasset",
				"C:/Users/Acer/Desktop/MMU/B/CGD6334/Assignment2v1.2/Content/Sprites/Objects/Bins/bins__2.uasset",
				"C:/Users/Acer/Desktop/MMU/B/CGD6334/Assignment2v1.2/Content/Sprites/Objects/Bins/bins__3.uasset",
				"C:/Users/Acer/Desktop/MMU/B/CGD6334/Assignment2v1.2/Content/Sprites/Objects/Bins/bins__4.uasset",
				"C:/Users/Acer/Desktop/MMU/B/CGD6334/Assignment2v1.2/Content/Sprites/Objects/Bins/bins__5.uasset",
				"C:/Users/Acer/Desktop/MMU/B/CGD6334/Assignment2v1.2/Content/Sprites/Objects/ButtonWall/buttonblue.uasset",
				"C:/Users/Acer/Desktop/MMU/B/CGD6334/Assignment2v1.2/Content/Sprites/Objects/ButtonWall/buttonblue_Sprite.uasset",
				"C:/Users/Acer/Desktop/MMU/B/CGD6334/Assignment2v1.2/Content/Sprites/Objects/ButtonWall/buttongrey.uasset",
				"C:/Users/Acer/Desktop/MMU/B/CGD6334/Assignment2v1.2/Content/Sprites/Objects/ButtonWall/buttongrey_Sprite.uasset",
				"C:/Users/Acer/Desktop/MMU/B/CGD6334/Assignment2v1.2/Content/Sprites/Objects/ButtonWall/buttonred.uasset",
				"C:/Users/Acer/Desktop/MMU/B/CGD6334/Assignment2v1.2/Content/Sprites/Objects/ButtonWall/buttonred_Sprite.uasset",
				"C:/Users/Acer/Desktop/MMU/B/CGD6334/Assignment2v1.2/Content/Sprites/Objects/ButtonWall/Large_Pipe-Straight.uasset",
				"C:/Users/Acer/Desktop/MMU/B/CGD6334/Assignment2v1.2/Content/Sprites/Objects/ButtonWall/Large_Pipe-Straight_Sprite.uasset",
				"C:/Users/Acer/Desktop/MMU/B/CGD6334/Assignment2v1.2/Content/Blueprints/GrabObject_BP.uasset",
				"C:/Users/Acer/Desktop/MMU/B/CGD6334/Assignment2v1.2/Content/Sprites/Objects/Brick/extra_box_coin_Sprite.uasset",
				"C:/Users/Acer/Desktop/MMU/B/CGD6334/Assignment2v1.2/Content/Sprites/Objects/Brick/extra_box_coin.uasset",
				"C:/Users/Acer/Desktop/MMU/B/CGD6334/Assignment2v1.2/Content/Sprites/Objects/Brick/extra_stone_top_Sprite.uasset",
				"C:/Users/Acer/Desktop/MMU/B/CGD6334/Assignment2v1.2/Content/Sprites/Objects/Brick/extra_stone_top.uasset",
				"C:/Users/Acer/Desktop/MMU/B/CGD6334/Assignment2v1.2/Content/Sprites/Objects/Brick/extra_stone_Sprite.uasset",
				"C:/Users/Acer/Desktop/MMU/B/CGD6334/Assignment2v1.2/Content/Sprites/Objects/Brick/extra_stone_detail_Sprite.uasset",
				"C:/Users/Acer/Desktop/MMU/B/CGD6334/Assignment2v1.2/Content/Sprites/Objects/Brick/extra_stone_detail.uasset",
				"C:/Users/Acer/Desktop/MMU/B/CGD6334/Assignment2v1.2/Content/Sprites/Objects/Brick/extra_stone.uasset",
				"C:/Users/Acer/Desktop/MMU/B/CGD6334/Assignment2v1.2/Content/Sprites/Objects/Brick/extra_dirt_top_Sprite.uasset",
				"C:/Users/Acer/Desktop/MMU/B/CGD6334/Assignment2v1.2/Content/Sprites/Objects/Brick/extra_dirt_top.uasset",
				"C:/Users/Acer/Desktop/MMU/B/CGD6334/Assignment2v1.2/Content/Sprites/Objects/Brick/extra_dirt_Sprite.uasset",
				"C:/Users/Acer/Desktop/MMU/B/CGD6334/Assignment2v1.2/Content/Sprites/Objects/Brick/extra_dirt_detail_Sprite.uasset",
				"C:/Users/Acer/Desktop/MMU/B/CGD6334/Assignment2v1.2/Content/Sprites/Objects/Brick/extra_dirt_detail.uasset",
				"C:/Users/Acer/Desktop/MMU/B/CGD6334/Assignment2v1.2/Content/Sprites/Objects/Brick/extra_dirt.uasset",
				"C:/Users/Acer/Desktop/MMU/B/CGD6334/Assignment2v1.2/Content/Sprites/Objects/Brick/extra_crate_Sprite.uasset",
				"C:/Users/Acer/Desktop/MMU/B/CGD6334/Assignment2v1.2/Content/Sprites/Objects/Brick/extra_crate_explosive_Sprite.uasset",
				"C:/Users/Acer/Desktop/MMU/B/CGD6334/Assignment2v1.2/Content/Sprites/Objects/Brick/extra_crate_explosive.uasset",
				"C:/Users/Acer/Desktop/MMU/B/CGD6334/Assignment2v1.2/Content/Sprites/Objects/Brick/extra_crate.uasset",
				"C:/Users/Acer/Desktop/MMU/B/CGD6334/Assignment2v1.2/Content/Sprites/Objects/Brick/extra_character_e_Sprite.uasset",
				"C:/Users/Acer/Desktop/MMU/B/CGD6334/Assignment2v1.2/Content/Sprites/Objects/Brick/extra_character_e.uasset",
				"C:/Users/Acer/Desktop/MMU/B/CGD6334/Assignment2v1.2/Content/Sprites/Objects/Brick/extra_character_d_Sprite.uasset",
				"C:/Users/Acer/Desktop/MMU/B/CGD6334/Assignment2v1.2/Content/Sprites/Objects/Brick/extra_character_d.uasset",
				"C:/Users/Acer/Desktop/MMU/B/CGD6334/Assignment2v1.2/Content/Sprites/Objects/Brick/extra_character_c_Sprite.uasset",
				"C:/Users/Acer/Desktop/MMU/B/CGD6334/Assignment2v1.2/Content/Sprites/Objects/Brick/extra_character_c.uasset",
				"C:/Users/Acer/Desktop/MMU/B/CGD6334/Assignment2v1.2/Content/Sprites/Objects/Brick/extra_character_b_Sprite.uasset",
				"C:/Users/Acer/Desktop/MMU/B/CGD6334/Assignment2v1.2/Content/Sprites/Objects/Brick/extra_character_b.uasset",
				"C:/Users/Acer/Desktop/MMU/B/CGD6334/Assignment2v1.2/Content/Sprites/Objects/Brick/extra_character_a_Sprite.uasset",
				"C:/Users/Acer/Desktop/MMU/B/CGD6334/Assignment2v1.2/Content/Sprites/Objects/Brick/extra_character_a.uasset",
				"C:/Users/Acer/Desktop/MMU/B/CGD6334/Assignment2v1.2/Content/Sprites/Objects/Brick/extra_box_exclamation_Sprite.uasset",
				"C:/Users/Acer/Desktop/MMU/B/CGD6334/Assignment2v1.2/Content/Sprites/Objects/Brick/extra_box_exclamation.uasset",
				"C:/Users/Acer/Desktop/MMU/B/CGD6334/Assignment2v1.2/Content/Blueprints/MovingWall_BP.uasset",
				"C:/Users/Acer/Desktop/MMU/B/CGD6334/Assignment2v1.2/Content/Sprites/Claws/chain.uasset",
				"C:/Users/Acer/Desktop/MMU/B/CGD6334/Assignment2v1.2/Content/Sprites/Claws/chain_Sprite.uasset",
				"C:/Users/Acer/Desktop/MMU/B/CGD6334/Assignment2v1.2/Content/Levels/Level1.umap",
				"C:/Users/Acer/Desktop/MMU/B/CGD6334/Assignment2v1.2/Content/Sprites/Objects/Large_Pipe-Straight.uasset",
				"C:/Users/Acer/Desktop/MMU/B/CGD6334/Assignment2v1.2/Content/Sprites/Objects/buttonred.uasset",
				"C:/Users/Acer/Desktop/MMU/B/CGD6334/Assignment2v1.2/Content/Sprites/Objects/buttongrey.uasset",
				"C:/Users/Acer/Desktop/MMU/B/CGD6334/Assignment2v1.2/Content/Sprites/Objects/button_rectangle_flat.uasset",
				"C:/Users/Acer/Desktop/MMU/B/CGD6334/Assignment2v1.2/Content/Sprites/Objects/buttonblue.uasset",
				"C:/Users/Acer/Desktop/MMU/B/CGD6334/Assignment2v1.2/Content/Sprites/Objects/bins__5.uasset",
				"C:/Users/Acer/Desktop/MMU/B/CGD6334/Assignment2v1.2/Content/Sprites/Objects/bins__4.uasset",
				"C:/Users/Acer/Desktop/MMU/B/CGD6334/Assignment2v1.2/Content/Sprites/Objects/bins__3.uasset",
				"C:/Users/Acer/Desktop/MMU/B/CGD6334/Assignment2v1.2/Content/Sprites/Objects/bins__2.uasset",
				"C:/Users/Acer/Desktop/MMU/B/CGD6334/Assignment2v1.2/Content/Sprites/Objects/bins__1.uasset",
				"C:/Users/Acer/Desktop/MMU/B/CGD6334/Assignment2v1.2/Content/Sprites/Objects/bins.uasset",
				"C:/Users/Acer/Desktop/MMU/B/CGD6334/Assignment2v1.2/Content/Sprites/Objects/Large_Pipe-Straight_Sprite.uasset",
				"C:/Users/Acer/Desktop/MMU/B/CGD6334/Assignment2v1.2/Content/Sprites/Objects/buttonred_Sprite.uasset",
				"C:/Users/Acer/Desktop/MMU/B/CGD6334/Assignment2v1.2/Content/Sprites/Objects/buttongrey_Sprite.uasset",
				"C:/Users/Acer/Desktop/MMU/B/CGD6334/Assignment2v1.2/Content/Sprites/Objects/Special/extra_box_exclamation.uasset",
				"C:/Users/Acer/Desktop/MMU/B/CGD6334/Assignment2v1.2/Content/Sprites/Objects/Special/extra_box_exclamation_Sprite.uasset",
				"C:/Users/Acer/Desktop/MMU/B/CGD6334/Assignment2v1.2/Content/Sprites/Objects/Special/extra_character_a.uasset",
				"C:/Users/Acer/Desktop/MMU/B/CGD6334/Assignment2v1.2/Content/Sprites/Objects/Special/extra_character_a_Sprite.uasset",
				"C:/Users/Acer/Desktop/MMU/B/CGD6334/Assignment2v1.2/Content/Sprites/Objects/Special/extra_character_b.uasset",
				"C:/Users/Acer/Desktop/MMU/B/CGD6334/Assignment2v1.2/Content/Sprites/Objects/Special/extra_character_b_Sprite.uasset",
				"C:/Users/Acer/Desktop/MMU/B/CGD6334/Assignment2v1.2/Content/Sprites/Objects/Special/extra_character_c.uasset",
				"C:/Users/Acer/Desktop/MMU/B/CGD6334/Assignment2v1.2/Content/Sprites/Objects/Special/extra_character_c_Sprite.uasset",
				"C:/Users/Acer/Desktop/MMU/B/CGD6334/Assignment2v1.2/Content/Sprites/Objects/Special/extra_character_d.uasset",
				"C:/Users/Acer/Desktop/MMU/B/CGD6334/Assignment2v1.2/Content/Sprites/Objects/Special/extra_character_d_Sprite.uasset",
				"C:/Users/Acer/Desktop/MMU/B/CGD6334/Assignment2v1.2/Content/Sprites/Objects/Special/extra_character_e.uasset",
				"C:/Users/Acer/Desktop/MMU/B/CGD6334/Assignment2v1.2/Content/Sprites/Objects/Special/extra_character_e_Sprite.uasset",
				"C:/Users/Acer/Desktop/MMU/B/CGD6334/Assignment2v1.2/Content/Sprites/Objects/Special/extra_crate.uasset",
				"C:/Users/Acer/Desktop/MMU/B/CGD6334/Assignment2v1.2/Content/Sprites/Objects/Special/extra_crate_explosive.uasset",
				"C:/Users/Acer/Desktop/MMU/B/CGD6334/Assignment2v1.2/Content/Sprites/Objects/Special/extra_crate_explosive_Sprite.uasset",
				"C:/Users/Acer/Desktop/MMU/B/CGD6334/Assignment2v1.2/Content/Sprites/Objects/Special/extra_crate_Sprite.uasset",
				"C:/Users/Acer/Desktop/MMU/B/CGD6334/Assignment2v1.2/Content/Sprites/Objects/Special/extra_dirt.uasset",
				"C:/Users/Acer/Desktop/MMU/B/CGD6334/Assignment2v1.2/Content/Sprites/Objects/Special/extra_dirt_detail.uasset",
				"C:/Users/Acer/Desktop/MMU/B/CGD6334/Assignment2v1.2/Content/Sprites/Objects/Special/extra_dirt_detail_Sprite.uasset",
				"C:/Users/Acer/Desktop/MMU/B/CGD6334/Assignment2v1.2/Content/Sprites/Objects/Special/extra_dirt_Sprite.uasset",
				"C:/Users/Acer/Desktop/MMU/B/CGD6334/Assignment2v1.2/Content/Sprites/Objects/Special/extra_dirt_top.uasset",
				"C:/Users/Acer/Desktop/MMU/B/CGD6334/Assignment2v1.2/Content/Sprites/Objects/Special/extra_dirt_top_Sprite.uasset",
				"C:/Users/Acer/Desktop/MMU/B/CGD6334/Assignment2v1.2/Content/Sprites/Objects/Special/extra_stone.uasset",
				"C:/Users/Acer/Desktop/MMU/B/CGD6334/Assignment2v1.2/Content/Sprites/Objects/Special/extra_stone_detail.uasset",
				"C:/Users/Acer/Desktop/MMU/B/CGD6334/Assignment2v1.2/Content/Sprites/Objects/Special/extra_stone_detail_Sprite.uasset",
				"C:/Users/Acer/Desktop/MMU/B/CGD6334/Assignment2v1.2/Content/Sprites/Objects/Special/extra_stone_Sprite.uasset",
				"C:/Users/Acer/Desktop/MMU/B/CGD6334/Assignment2v1.2/Content/Sprites/Objects/Special/extra_stone_top.uasset",
				"C:/Users/Acer/Desktop/MMU/B/CGD6334/Assignment2v1.2/Content/Sprites/Objects/Special/extra_stone_top_Sprite.uasset",
				"C:/Users/Acer/Desktop/MMU/B/CGD6334/Assignment2v1.2/Content/Sprites/Objects/Special/extra_box_coin.uasset",
				"C:/Users/Acer/Desktop/MMU/B/CGD6334/Assignment2v1.2/Content/Sprites/Objects/Special/extra_box_coin_Sprite.uasset",
				"C:/Users/Acer/Desktop/MMU/B/CGD6334/Assignment2v1.2/Content/Sprites/Claws/claw_claw.uasset",
				"C:/Users/Acer/Desktop/MMU/B/CGD6334/Assignment2v1.2/Content/Sprites/Claws/Claw_FB.uasset",
				"C:/Users/Lai Gor/Documents/Unreal Project/Assignment2/Content/Blueprints/Claw_BP.uasset",
				"C:/Users/Acer/Desktop/MMU/B/CGD6334/Assignment2/Content/Levels/Prototype.umap",
				"C:/Users/Acer/Desktop/MMU/B/CGD6334/Assignment2/Content/Sprites/BG/1.uasset",
				"C:/Users/Acer/Desktop/MMU/B/CGD6334/Assignment2/Content/Sprites/BG/2.uasset",
				"C:/Users/Acer/Desktop/MMU/B/CGD6334/Assignment2/Content/Sprites/BG/3.uasset",
				"C:/Users/Acer/Desktop/MMU/B/CGD6334/Assignment2/Content/Sprites/BG/4.uasset",
				"C:/Users/Acer/Desktop/MMU/B/CGD6334/Assignment2/Content/Sprites/BG/5.uasset",
				"C:/Users/Acer/Desktop/MMU/B/CGD6334/Assignment2/Content/Sprites/BG/1_Sprite.uasset",
				"C:/Users/Acer/Desktop/MMU/B/CGD6334/Assignment2/Content/Sprites/1_Sprite.uasset",
				"C:/Users/Acer/Desktop/MMU/B/CGD6334/Assignment2/Content/Sprites/BG/2_Sprite.uasset",
				"C:/Users/Acer/Desktop/MMU/B/CGD6334/Assignment2/Content/Sprites/BG/3_Sprite.uasset",
				"C:/Users/Acer/Desktop/MMU/B/CGD6334/Assignment2/Content/Sprites/BG/4_Sprite.uasset",
				"C:/Users/Acer/Desktop/MMU/B/CGD6334/Assignment2/Content/Sprites/4_Sprite.uasset",
				"C:/Users/Acer/Desktop/MMU/B/CGD6334/Assignment2/Content/Sprites/BG/5_Sprite.uasset",
				"C:/Users/Acer/Desktop/MMU/B/CGD6334/Assignment2/Content/Sprites/BG/Background.uasset",
				"C:/Users/Acer/Desktop/MMU/B/CGD6334/Assignment2/Content/Sprites/BG/Background_Sprite.uasset",
				"C:/Users/Acer/Desktop/MMU/B/CGD6334/Assignment2/Content/Sprites/Claws/claw.uasset",
				"C:/Users/Acer/Desktop/MMU/B/CGD6334/Assignment2/Content/Sprites/Claws/claw_claw_1.uasset",
				"C:/Users/Acer/Desktop/MMU/B/CGD6334/Assignment2/Content/Sprites/Claws/claw_claw_2.uasset",
				"C:/Users/Acer/Desktop/MMU/B/CGD6334/Assignment2/Content/Sprites/Claws/claw_claw_3.uasset",
				"C:/Users/Acer/Desktop/MMU/B/CGD6334/Assignment2/Content/Sprites/Claws/Claw_FB.uasset",
				"C:/Users/Acer/Desktop/MMU/B/CGD6334/Assignment2/Content/Blueprints/Claw_BP.uasset",
				"C:/Users/Acer/Desktop/MMU/B/CGD6334/Assignment2/Content/Input/IMC_Movement.uasset",
				"C:/Users/Acer/Desktop/MMU/B/CGD6334/Assignment2/Content/Input/IA_LeftRight.uasset",
				"C:/Users/Acer/Desktop/MMU/B/CGD6334/Assignment2/Content/Sprites/Claws/rope.uasset",
				"C:/Users/Acer/Desktop/MMU/B/CGD6334/Assignment2/Content/Sprites/Claws/rope_Sprite.uasset",
				"C:/Users/Acer/Desktop/MMU/B/CGD6334/Assignment2/Content/Blueprints/LevelGameMode_BP.uasset",
				"C:/Users/Acer/Desktop/MMU/B/CGD6334/Assignment2/Content/Blueprints/Claw_PC_BP.uasset",
				"C:/Users/Acer/Desktop/MMU/B/CGD6334/Assignment2/Content/Blueprints/PawnClaw_BP.uasset",
				"C:/Users/Acer/Desktop/MMU/B/CGD6334/Assignment2/Content/Input/IA_Up.uasset",
				"C:/Users/Acer/Desktop/MMU/B/CGD6334/Assignment2/Content/Input/IA_Down.uasset",
				"C:/Users/Acer/Desktop/MMU/B/CGD6334/Assignment2/Content/Blueprints/ClawPC_BP.uasset",
				"C:/Users/Acer/Desktop/MMU/B/CGD6334/Assignment2/Content/Sprites/Black/brick_high_1.uasset",
				"C:/Users/Acer/Desktop/MMU/B/CGD6334/Assignment2/Content/Sprites/Black/brick_high_2.uasset",
				"C:/Users/Acer/Desktop/MMU/B/CGD6334/Assignment2/Content/Sprites/Black/brick_high_4.uasset",
				"C:/Users/Acer/Desktop/MMU/B/CGD6334/Assignment2/Content/Sprites/Black/brick_high_6.uasset",
				"C:/Users/Acer/Desktop/MMU/B/CGD6334/Assignment2/Content/Sprites/Black/brick_high_slope_inverted_left_2.uasset",
				"C:/Users/Acer/Desktop/MMU/B/CGD6334/Assignment2/Content/Sprites/Black/brick_high_slope_inverted_left_4.uasset",
				"C:/Users/Acer/Desktop/MMU/B/CGD6334/Assignment2/Content/Sprites/Black/brick_high_slope_inverted_right_2.uasset",
				"C:/Users/Acer/Desktop/MMU/B/CGD6334/Assignment2/Content/Sprites/Black/brick_high_slope_inverted_right_4.uasset",
				"C:/Users/Acer/Desktop/MMU/B/CGD6334/Assignment2/Content/Sprites/Black/brick_high_slope_left_2.uasset",
				"C:/Users/Acer/Desktop/MMU/B/CGD6334/Assignment2/Content/Sprites/Black/brick_high_slope_left_4.uasset",
				"C:/Users/Acer/Desktop/MMU/B/CGD6334/Assignment2/Content/Sprites/Black/brick_high_slope_right_2.uasset",
				"C:/Users/Acer/Desktop/MMU/B/CGD6334/Assignment2/Content/Sprites/Black/brick_high_slope_right_4.uasset",
				"C:/Users/Acer/Desktop/MMU/B/CGD6334/Assignment2/Content/Sprites/Black/brick_low_1.uasset",
				"C:/Users/Acer/Desktop/MMU/B/CGD6334/Assignment2/Content/Sprites/Black/brick_low_2.uasset",
				"C:/Users/Acer/Desktop/MMU/B/CGD6334/Assignment2/Content/Sprites/Black/brick_low_4.uasset",
				"C:/Users/Acer/Desktop/MMU/B/CGD6334/Assignment2/Content/Sprites/Black/brick_low_6.uasset",
				"C:/Users/Acer/Desktop/MMU/B/CGD6334/Assignment2/Content/Sprites/Black/brick_medium_1.uasset",
				"C:/Users/Acer/Desktop/MMU/B/CGD6334/Assignment2/Content/Sprites/Black/brick_medium_2.uasset",
				"C:/Users/Acer/Desktop/MMU/B/CGD6334/Assignment2/Content/Sprites/Black/brick_medium_4.uasset",
				"C:/Users/Acer/Desktop/MMU/B/CGD6334/Assignment2/Content/Sprites/Black/brick_medium_6.uasset",
				"C:/Users/Acer/Desktop/MMU/B/CGD6334/Assignment2/Content/Sprites/Black/brick_medium_slope_inverted_left_2.uasset",
				"C:/Users/Acer/Desktop/MMU/B/CGD6334/Assignment2/Content/Sprites/Black/brick_medium_slope_inverted_left_4.uasset",
				"C:/Users/Acer/Desktop/MMU/B/CGD6334/Assignment2/Content/Sprites/Black/brick_medium_slope_inverted_right_2.uasset",
				"C:/Users/Acer/Desktop/MMU/B/CGD6334/Assignment2/Content/Sprites/Black/brick_medium_slope_inverted_right_4.uasset",
				"C:/Users/Acer/Desktop/MMU/B/CGD6334/Assignment2/Content/Sprites/Black/brick_medium_slope_left_2.uasset",
				"C:/Users/Acer/Desktop/MMU/B/CGD6334/Assignment2/Content/Sprites/Black/brick_medium_slope_left_4.uasset",
				"C:/Users/Acer/Desktop/MMU/B/CGD6334/Assignment2/Content/Sprites/Black/brick_medium_slope_right_2.uasset",
				"C:/Users/Acer/Desktop/MMU/B/CGD6334/Assignment2/Content/Sprites/Black/brick_medium_slope_right_4.uasset",
				"C:/Users/Acer/Desktop/MMU/B/CGD6334/Assignment2/Content/Sprites/Objects/Black/brick_medium_slope_right_2.uasset",
				"C:/Users/Acer/Desktop/MMU/B/CGD6334/Assignment2/Content/Sprites/Objects/Black/brick_medium_slope_left_4.uasset",
				"C:/Users/Acer/Desktop/MMU/B/CGD6334/Assignment2/Content/Sprites/Objects/Black/brick_medium_slope_left_2.uasset",
				"C:/Users/Acer/Desktop/MMU/B/CGD6334/Assignment2/Content/Sprites/Objects/Black/brick_medium_slope_inverted_right_4.uasset",
				"C:/Users/Acer/Desktop/MMU/B/CGD6334/Assignment2/Content/Sprites/Objects/Black/brick_medium_slope_inverted_right_2.uasset",
				"C:/Users/Acer/Desktop/MMU/B/CGD6334/Assignment2/Content/Sprites/Objects/Black/brick_medium_slope_inverted_left_4.uasset",
				"C:/Users/Acer/Desktop/MMU/B/CGD6334/Assignment2/Content/Sprites/Objects/Black/brick_medium_slope_inverted_left_2.uasset",
				"C:/Users/Acer/Desktop/MMU/B/CGD6334/Assignment2/Content/Sprites/Objects/Black/brick_medium_6.uasset",
				"C:/Users/Acer/Desktop/MMU/B/CGD6334/Assignment2/Content/Sprites/Objects/Black/brick_medium_4.uasset",
				"C:/Users/Acer/Desktop/MMU/B/CGD6334/Assignment2/Content/Sprites/Objects/Black/brick_medium_2.uasset",
				"C:/Users/Acer/Desktop/MMU/B/CGD6334/Assignment2/Content/Sprites/Objects/Black/brick_medium_1.uasset",
				"C:/Users/Acer/Desktop/MMU/B/CGD6334/Assignment2/Content/Sprites/Objects/Black/brick_low_6.uasset",
				"C:/Users/Acer/Desktop/MMU/B/CGD6334/Assignment2/Content/Sprites/Objects/Black/brick_low_4.uasset",
				"C:/Users/Acer/Desktop/MMU/B/CGD6334/Assignment2/Content/Sprites/Objects/Black/brick_low_2.uasset",
				"C:/Users/Acer/Desktop/MMU/B/CGD6334/Assignment2/Content/Sprites/Objects/Black/brick_low_1.uasset",
				"C:/Users/Acer/Desktop/MMU/B/CGD6334/Assignment2/Content/Sprites/Objects/Black/brick_high_slope_right_4.uasset",
				"C:/Users/Acer/Desktop/MMU/B/CGD6334/Assignment2/Content/Sprites/Objects/Black/brick_high_slope_right_2.uasset",
				"C:/Users/Acer/Desktop/MMU/B/CGD6334/Assignment2/Content/Sprites/Objects/Black/brick_high_slope_left_4.uasset",
				"C:/Users/Acer/Desktop/MMU/B/CGD6334/Assignment2/Content/Sprites/Objects/Black/brick_high_slope_left_2.uasset",
				"C:/Users/Acer/Desktop/MMU/B/CGD6334/Assignment2/Content/Sprites/Objects/Black/brick_high_slope_inverted_right_4.uasset",
				"C:/Users/Acer/Desktop/MMU/B/CGD6334/Assignment2/Content/Sprites/Objects/Black/brick_high_slope_inverted_right_2.uasset",
				"C:/Users/Acer/Desktop/MMU/B/CGD6334/Assignment2/Content/Sprites/Objects/Black/brick_high_slope_inverted_left_4.uasset",
				"C:/Users/Acer/Desktop/MMU/B/CGD6334/Assignment2/Content/Sprites/Objects/Black/brick_high_slope_inverted_left_2.uasset",
				"C:/Users/Acer/Desktop/MMU/B/CGD6334/Assignment2/Content/Sprites/Objects/Black/brick_high_6.uasset",
				"C:/Users/Acer/Desktop/MMU/B/CGD6334/Assignment2/Content/Sprites/Objects/Black/brick_high_4.uasset",
				"C:/Users/Acer/Desktop/MMU/B/CGD6334/Assignment2/Content/Sprites/Objects/Black/brick_high_2.uasset",
				"C:/Users/Acer/Desktop/MMU/B/CGD6334/Assignment2/Content/Sprites/Objects/Black/brick_high_1.uasset",
				"C:/Users/Acer/Desktop/MMU/B/CGD6334/Assignment2/Content/Sprites/Objects/Black/brick_medium_slope_right_4.uasset",
				"C:/Users/Acer/Desktop/MMU/B/CGD6334/Assignment2/Content/Sprites/Objects/Special/extra_stone_top.uasset",
				"C:/Users/Acer/Desktop/MMU/B/CGD6334/Assignment2/Content/Sprites/Objects/Special/extra_stone_detail.uasset",
				"C:/Users/Acer/Desktop/MMU/B/CGD6334/Assignment2/Content/Sprites/Objects/Special/extra_stone.uasset",
				"C:/Users/Acer/Desktop/MMU/B/CGD6334/Assignment2/Content/Sprites/Objects/Special/extra_dirt_top.uasset",
				"C:/Users/Acer/Desktop/MMU/B/CGD6334/Assignment2/Content/Sprites/Objects/Special/extra_dirt_detail.uasset",
				"C:/Users/Acer/Desktop/MMU/B/CGD6334/Assignment2/Content/Sprites/Objects/Special/extra_dirt.uasset",
				"C:/Users/Acer/Desktop/MMU/B/CGD6334/Assignment2/Content/Sprites/Objects/Special/extra_crate_explosive.uasset",
				"C:/Users/Acer/Desktop/MMU/B/CGD6334/Assignment2/Content/Sprites/Objects/Special/extra_crate.uasset",
				"C:/Users/Acer/Desktop/MMU/B/CGD6334/Assignment2/Content/Sprites/Objects/Special/extra_character_e.uasset",
				"C:/Users/Acer/Desktop/MMU/B/CGD6334/Assignment2/Content/Sprites/Objects/Special/extra_character_d.uasset",
				"C:/Users/Acer/Desktop/MMU/B/CGD6334/Assignment2/Content/Sprites/Objects/Special/extra_character_c.uasset",
				"C:/Users/Acer/Desktop/MMU/B/CGD6334/Assignment2/Content/Sprites/Objects/Special/extra_character_b.uasset",
				"C:/Users/Acer/Desktop/MMU/B/CGD6334/Assignment2/Content/Sprites/Objects/Special/extra_character_a.uasset",
				"C:/Users/Acer/Desktop/MMU/B/CGD6334/Assignment2/Content/Sprites/Objects/Special/extra_box_exclamation.uasset",
				"C:/Users/Acer/Desktop/MMU/B/CGD6334/Assignment2/Content/Sprites/Objects/Special/extra_box_coin.uasset",
				"C:/Users/Acer/Desktop/MMU/B/CGD6334/Assignment2/Content/Blueprints/GrabObject_BP.uasset",
				"C:/Users/Acer/Desktop/MMU/B/CGD6334/Assignment2/Content/Input/IA_Grab.uasset",
				"C:/Users/Acer/Desktop/MMU/B/CGD6334/Assignment2/Content/Input/IA_Release.uasset",
				"C:/Users/Acer/Desktop/MMU/B/CGD6334/Assignment2/Content/Sprites/Objects/Special/extra_box_coin_Sprite.uasset",
				"C:/Users/Acer/Desktop/MMU/B/CGD6334/Assignment2/Content/Sprites/Objects/Special/extra_box_exclamation_Sprite.uasset",
				"C:/Users/Acer/Desktop/MMU/B/CGD6334/Assignment2/Content/Sprites/Objects/Special/extra_character_a_Sprite.uasset",
				"C:/Users/Acer/Desktop/MMU/B/CGD6334/Assignment2/Content/Sprites/Objects/Special/extra_character_b_Sprite.uasset",
				"C:/Users/Acer/Desktop/MMU/B/CGD6334/Assignment2/Content/Sprites/Objects/Special/extra_character_c_Sprite.uasset",
				"C:/Users/Acer/Desktop/MMU/B/CGD6334/Assignment2/Content/Sprites/Objects/Special/extra_character_d_Sprite.uasset",
				"C:/Users/Acer/Desktop/MMU/B/CGD6334/Assignment2/Content/Sprites/Objects/Special/extra_character_e_Sprite.uasset",
				"C:/Users/Acer/Desktop/MMU/B/CGD6334/Assignment2/Content/Sprites/Objects/Special/extra_crate_explosive_Sprite.uasset",
				"C:/Users/Acer/Desktop/MMU/B/CGD6334/Assignment2/Content/Sprites/Objects/Special/extra_crate_Sprite.uasset",
				"C:/Users/Acer/Desktop/MMU/B/CGD6334/Assignment2/Content/Sprites/Objects/Special/extra_dirt_detail_Sprite.uasset",
				"C:/Users/Acer/Desktop/MMU/B/CGD6334/Assignment2/Content/Sprites/Objects/Special/extra_dirt_Sprite.uasset",
				"C:/Users/Acer/Desktop/MMU/B/CGD6334/Assignment2/Content/Sprites/Objects/Special/extra_dirt_top_Sprite.uasset",
				"C:/Users/Acer/Desktop/MMU/B/CGD6334/Assignment2/Content/Sprites/Objects/Special/extra_stone_detail_Sprite.uasset",
				"C:/Users/Acer/Desktop/MMU/B/CGD6334/Assignment2/Content/Sprites/Objects/Special/extra_stone_Sprite.uasset",
				"C:/Users/Acer/Desktop/MMU/B/CGD6334/Assignment2/Content/Sprites/Objects/Special/extra_stone_top_Sprite.uasset",
				"C:/Users/Acer/Desktop/MMU/B/CGD6334/Assignment2/Content/Input/IA_UpDown.uasset",
				"C:/Users/Acer/Desktop/MMU/B/CGD6334/Assignment2/Content/Blueprints/Claw_Pawn_BP.uasset",
				"C:/Users/Acer/Desktop/MMU/B/CGD6334/Assignment2/Content/Sprites/Claws/empty.uasset",
				"C:/Users/Acer/Desktop/MMU/B/CGD6334/Assignment2/Content/Sprites/ClawFP.uasset",
				"C:/Users/Acer/Desktop/MMU/B/CGD6334/Assignment2/Content/Sprites/ClawFB.uasset",
				"C:/Users/Acer/Desktop/MMU/B/CGD6334/Assignment2/Content/Sprites/Claw_FB.uasset",
				"C:/Users/Acer/Desktop/MMU/B/CGD6334/Assignment2/Content/Input/Movement.uasset",
				"C:/Users/Acer/Desktop/MMU/B/CGD6334/Assignment2/Content/Input/Claw_LeftRight.uasset",
				"C:/Users/Acer/Desktop/MMU/B/CGD6334/Assignment2/Content/Input/Claw_UpDown.uasset"
			]
		}
	]
}